ip,category,description,timestamp,api
sdssdsdd,default,,1743423451,sdsdsa
test1,kat1,TestDescription,1743434007,
testne,default,abc123,1743434046,sdsdsa
ddsdsdsads,default,dsadsad,1743434148,sdsdsa
ydfdfdsfdsfdsf2222,default,fdsfdsfdsfds222,1743434205,sdsdsa
rzttttt,default,,1743435247,sdsdsa
xddfggffdggfdgfdgdfg,kat1,,1743435732,
neuneuneu,kat1,neudesc,1743436002,
192.168.10.107,testkat1,107,1743526815,
192.168.19.101,default,Kassa1,1743526815,sdsdsa
waldbhannn,default,wb,1743529715,sdsdsa
adasdsd,default,das muss drin stehn,1743540528,sdsdsa
123,testkat1,456,1743680424,
sss,default,sss,1743680784,sdsdsa
192.168.90.152,default,Test,1743681242,sdsdsa
sdasdssadsa,default,,1743683467,http://192.168.90.151/drag/api.php
abc,default,,1743683491,http://192.168.90.151/drag/api.php
