[
    {
        "from": "device-1743154972855",
        "to": "device-1743156045702",
        "page": "default"
    },
    {
        "from": "device-1743192353379",
        "to": "device-1743192354889",
        "page": "default"
    },
    {
        "from": "device-1743192354889",
        "to": "device-1743192380161",
        "page": "default"
    },
    {
        "from": "device-1743192353379",
        "to": "device-1743192380161",
        "page": "default"
    },
    {
        "from": "device-1743194200345",
        "to": "device-1743194201681",
        "page": "diese seite wird gel\u00f6scht"
    },
    {
        "from": "device-1743194243221",
        "to": "device-1743194244569",
        "page": "asddd"
    },
    {
        "from": "device-1743194244569",
        "to": "device-1743194245715",
        "page": "asddd"
    },
    {
        "from": "device-1743351704985",
        "to": "device-1743352860976",
        "page": "rdgrtrt"
    },
    {
        "from": "device-1743351448848",
        "to": "device-1743351904752",
        "page": "default"
    },
    {
        "from": "device-1743355604843",
        "to": "device-1743355605810",
        "page": "default"
    },
    {
        "from": "device-1743356196514",
        "to": "device-1743356200782",
        "page": "abc123"
    },
    {
        "from": "device-1743356197761",
        "to": "device-1743356196514",
        "page": "abc123"
    },
    {
        "from": "device-1743355605810",
        "to": "device-1743364311348",
        "page": "default"
    },
    {
        "from": "device-1743367094533",
        "to": "device-1743355605810",
        "page": "default"
    },
    {
        "from": "device-1743355604843",
        "to": "device-1743367094533",
        "page": "default"
    },
    {
        "from": "device-1743368451944",
        "to": "device-1743368452964",
        "page": "ganzNeu"
    },
    {
        "from": "device-1743364311348",
        "to": "device-1743367094533",
        "page": "default"
    },
    {
        "from": "device-1743367094533",
        "to": "device-1743368668856",
        "page": "default"
    },
    {
        "from": "device-1743368696454",
        "to": "device-1743368668856",
        "page": "default"
    },
    {
        "from": "device-1743367094533",
        "to": "device-1743368696454",
        "page": "default"
    },
    {
        "from": "device-1743364311348",
        "to": "device-1743368668856",
        "page": "default"
    },
    {
        "from": "device-1743424372511",
        "to": "device-1743424373427",
        "page": "default"
    },
    {
        "from": "device-1743425978774",
        "to": "device-1743425980997",
        "page": "noch ein versuch"
    },
    {
        "from": "device-1743428874286",
        "to": "device-1743428876586",
        "page": "noch mal neu ein"
    },
    {
        "from": "device-1743428858439",
        "to": "device-1743424888108",
        "page": "new"
    },
    {
        "from": "device-1743430799217",
        "to": "device-1743430800481",
        "page": "page3"
    },
    {
        "from": "device-1743433069936",
        "to": "device-1743428874286",
        "page": "noch mal neu ein"
    },
    {
        "from": "device-1743434132145",
        "to": "device-1743434134237",
        "page": "newPage"
    },
    {
        "from": "device-1743436326370",
        "to": "device-1743436324701",
        "page": "test1"
    },
    {
        "from": "device-1743493696367",
        "to": "device-1743493667836",
        "page": "Waldbahn"
    },
    {
        "from": "device-1743525900734",
        "to": "device-1743487865021",
        "page": "default"
    },
    {
        "from": "device-1743487863596",
        "to": "device-1743525900734",
        "page": "default"
    },
    {
        "from": "device-1743540980296",
        "to": "device-1743540981596",
        "page": "default"
    },
    {
        "from": "device-1743436324701",
        "to": "device-1743541234230",
        "page": "test1"
    },
    {
        "from": "device-1743436326370",
        "to": "device-1743541234230",
        "page": "test1"
    },
    {
        "from": "device-1743436326370",
        "to": "device-1743541361372",
        "page": "test1"
    },
    {
        "from": "device-1743541361372",
        "to": "device-1743541343270",
        "page": "test1"
    },
    {
        "from": "device-1743436326370",
        "to": "device-1743541376351",
        "page": "test1"
    },
    {
        "from": "device-1743529721448",
        "to": "device-1743541405830",
        "page": "Waldbahn"
    },
    {
        "from": "device-1743529721448",
        "to": "device-1743541404941",
        "page": "Waldbahn"
    },
    {
        "from": "device-1743541234230",
        "to": "device-1743541343270",
        "page": "test1"
    },
    {
        "from": "device-1743542621395",
        "to": "device-1743542829118",
        "page": "test1"
    },
    {
        "from": "device-1743542829118",
        "to": "device-1743541376351",
        "page": "test1"
    },
    {
        "from": "device-1743493654892",
        "to": "device-1743540980296",
        "page": "default"
    },
    {
        "from": "device-1743540980296",
        "to": "device-1743525900734",
        "page": "default"
    },
    {
        "from": "device-1743601630950",
        "to": "device-1743601629470",
        "page": "default"
    },
    {
        "from": "device-1743606556007",
        "to": "device-1743601630950",
        "page": "default"
    },
    {
        "from": "device-1743490502994",
        "to": "device-1743493654892",
        "page": "default"
    },
    {
        "from": "device-1743541480436",
        "to": "device-1743541569972",
        "page": "Waldbahn"
    },
    {
        "from": "device-1743541438452",
        "to": "device-1743541477103",
        "page": "Waldbahn"
    },
    {
        "from": "device-1743541477103",
        "to": "device-1743541569972",
        "page": "Waldbahn"
    }
]