id,type,label,ip,description,category,reserve_8,x,y,page,online
device-1744115030632,img/modem/modem.png,VoIP_Garage_Schönjoch,192.168.80.50,VoIP_Garage_Schönjoch,VoIP_Alarm_2,,54,372,VoIP,0
device-1744115030632,img/modem/modem.png,VoIP_Garage_Schönjoch,192.168.80.50,VoIP_Garage_Schönjoch,VoIP_Alarm_2,sedfdsfdsfdsfd,54,372,VoIP,0
device-1744115030632,img/modem/modem.png,VoIP_Garage_Schönjoch,192.168.80.50,VoIP_Garage_Schönjoch,VoIP_Alarm_2,,56,372,VoIP,0
device-1744116114909,"img/server/moh-server (1).png",,,,default,,667,113,VoIP,0
device-1744116114909,"img/server/moh-server (1).png",,dfdsf,,default,limk,667,113,VoIP,0
