id,type,label,ip,x,y,page,online,timestamp,description,reserve_1,reserve_2,reserve_3,reserve_4,reserve_5,reserve_6,reserve_7,reserve_8,reserve_9,reserve_10
device-1743683109612,img/client/workstation-client.png,,192.168.90.152,608,44,test seite,1,2025-04-03 12:27:50,,test_kat,0,,,,,,,,
device-1743683350481,img/client/workstation-client.png,,192.168.90.152,559,10,default,1,2025-04-03 12:29:22,,default,0,,,,,,,,
device-1743683452326,img/client/primary-site.png,,sdasdssadsa,408,172,test seite,0,2025-04-03 12:30:59,,default,1,,,,,,,,
device-1743683480535,img/client/primary-site.png,,abc,821,77,default,0,2025-04-03 12:31:25,,default,1,,,,,,,,
